Иванишко Анастасия , +7(3452)416027
Иванишко Анастасия , +7(3452)416027
Иванишко Анастасия , +7(3452)416027
Шеймов Игорь , +7(39550)42578 
Бодулев Сергей , +7(3452)949805 
Ихтымбаева Лидия , +7(863)8423840 
Шеймов Игорь , +7(4212)144503 
Нахимович Семен , +7(495)7370814 
Иванишко Анастасия , +7(4212)150681 
Шишко Марсель , +7(8352)792727 
Арисова Евгения , +7(383)7468762 
Акиндинова Гульнара , +7(8202)369816
Акиндинова Гульнара , +7(8202)369816 
Акиндинова Гульнара , +7(8202)369816 
Акиндинова Гульнара , +7(8202)369816  
Шеймов Игорь , +7(351)8138497 
Барсегова Кира , +7(861)7598579 
Иванишко Анастасия , +7(4212)745493 
Котов Сергей , +7(8652)562809 
Светлицкий Кирилл , +7(4236)330906 
Иванишко Анастасия , +7(831)8550325 
Ибраимова Елизавета , +7(3462)138301
Ибраимова Елизавета , +7(3462)138301
Ибраимова Елизавета , +7(3462)138301
Ибраимова Елизавета , +7(3462)138301
Ибраимова Елизавета , +7(3462)138301 
Шеймов Игорь , +7(4742)557102 
Гузова Альбина , +7(3452)724174 
Котов Сергей , +7839439481948
Котов Сергей , +7839439481948
Котов Сергей , +7839439481948
Котов Сергей , +7839439481948
Котов Сергей , +7839439481948